,Word,FREQcount
0,transmission,83
1,transmit,611
2,transmogrification,3
3,transmutation,2
4,transmute,3
5,transnational,4
6,transoceanic,2
7,transom,6
8,transorbital,2
9,transpacific,2
10,transparency,7
11,transparent,96
12,transpersonal,2
13,transpire,32
14,transplant,331
15,transponder,77
16,transport,1173
17,transpose,10
18,transposition,5
19,transsexual,31
20,transthoracic,2
21,transubstantiate,2
22,transubstantiation,3
23,transverse,15
24,transvestite,106
25,trant,7
26,trap,2748
27,trash,1392
28,trattoria,15
29,trauma,1136
30,trav,4481
31,trawl,33
32,tray,488
33,treachery,98
34,treacherous,113
35,treacle,8
36,treacly,2
37,tread,226
38,treason,284
39,treasure,1190
40,treasury,194
41,treat,6220
42,treble,15
43,trebuchet,10
44,tree,4938
45,trek,256
46,trellis,14
47,tremble,290
48,tremen,490
49,tremolo,2
50,tremor,63
51,tremulous,5
52,trench,274
53,trend,198
54,trenton,82
55,trepanation,2
56,trepidation,7
57,tres,409
58,trevis,2
59,trey,346
60,tri,10
61,triad,224
62,triage,84
63,trial,2717
64,triangle,239
65,triangular,12
66,triangulate,45
67,triangulation,18
68,trianon,9
69,triassic,3
70,triathlon,22
71,trib,1043
72,trice,21
73,trichinosis,3
74,trichlorethylene,7
75,trichloride,3
76,trichosis,2
77,trick,4213
78,tricon,5
79,tricuspid,2
80,tricycle,27
81,tricyclic,3
82,trident,24
83,try,57499
84,trier,6
85,trifecta,27
86,trifle,144
87,trifling,35
88,trig,1168
89,trike,3
90,trilby,4
91,trill,104
92,trilobal,4
93,trilogy,32
94,trim,393
95,trin,344
96,trio,68
97,trip,5766
98,triquet,10
99,trisha,22
100,frisome,2
101,trisomy,2
102,tristan,156
103,tristate,7
104,triste,2
105,tristram,2
106,trite,40
107,tritium,3
108,triton,43
109,triumph,373
110,triumvirate,31
111,trivet,4
112,trivia,179
113,trocar,2
114,trod,27
115,trog,7
116,troilus,3
117,trois,40
118,trojan,106
119,trol,337
120,trombone,73
121,tromp,18
122,troop,1596
123,trop,752
124,trot,197
125,troubador,15
126,troubadour,45
127,trouble,12586
128,troubling,119
129,trough,75
130,trounce,7
131,trouncing,3
132,troupe,124
133,trouser,283
134,trousseau,20
135,trout,207
136,trovatore,2
137,trove,17
138,trow,16
139,troy,636
140,truancy,17
141,truant,18
142,truce,220
143,truck,4442
144,truculent,4
145,trud,31
146,true,12983
147,truffle,63
148,truism,2
149,truly,1830
150,truman,203
151,trump,441
152,trun,1176
153,truss,39
154,trust,10706
155,truth,10120
156,tryout,109
157,tryptophan,4
158,tryst,25
159,ts,86
160,tsar,22
161,tsetse,14
162,tsk,294
163,tsp,3
164,tss,5
165,tst,3
166,tsubo,2
167,tsun,38
168,tsuris,3
169,tsurugi,29
170,tty,6
171,tu,163
172,tua,2
173,tuan,18
174,tuareg,12
175,tub,697
176,tuba,78
177,tubby,31
178,tube,1230
179,tubful,2
180,tubing,35
181,tubman,21
182,tubular,14
183,tubule,2
184,tuchis,6
185,tuck,1022
186,tucson,125
187,tucuman,8
188,tudor,17
189,tue,3
190,guesday,1206
191,tuesday,79
192,tufan,3
193,tuff,50
194,tuft,12
195,tug,185
196,tugboat,25
197,tugger,7
198,tuition,209
199,tula,8
200,tulip,98
201,tulle,18
202,tulsa,96
203,tulsi,3
204,tum,92
205,tumble,219
206,tumbly,6
207,tumescent,3
208,tummy,188
209,tumor,321
210,tumour,49
211,tump,3
212,tumult,15
213,tumulus,2
214,tun,5
215,tuna,408
216,tundra,14
217,tune,1191
218,tung,94
219,tunic,36
220,tuning,96
221,tunis,30
222,tunnel,1157
223,tunney,27
224,tunny,11
225,tup,14
226,tupelo,12
227,tuppence,22
228,tuppenny,2
229,turban,72
230,turbid,2
231,turbine,67
232,turbo,161
233,turbulence,99
234,turbulent,33
235,turco,14
236,turd,179
237,tureen,6
238,turf,228
239,turgid,8
240,turk,1662
241,turmeric,2
242,turmoil,63
243,turn,26723
244,turpentine,47
245,turpitude,13
246,turquoise,45
247,turret,67
248,turtle,1111
249,tuscan,13
250,tuscarora,21
251,tush,66
252,jushie,8
253,tushy,47
254,tusk,31
255,tussle,30
256,tut,66
257,tutankhamen,12
258,tutee,2
259,tutelage,10
260,tutor,398
261,tutti,47
262,tutto,6
263,tutu,47
264,tux,183
265,tuxedo,193
266,tv,5199
267,twa,48
268,twaddle,7
269,twain,145
270,twang,12
271,twanky,11
272,twant,5
273,twas,72
274,twat,70
275,tweak,123
276,twee,262
277,twelfth,46
278,twelve,972
279,twenty,1445
280,twentieth,30
281,twentyfold,2
282,twere,8
283,twerp,91
284,twi,2
285,twice,3191
286,twiddle,30
287,twig,120
288,twilight,158
289,twilit,2
290,twill,13
291,twin,1572
292,twirl,146
293,twist,1467
294,twit,346
295,twixt,19
296,two,54461
297,twofer,7
298,twofold,8
299,twosome,23
300,tycoon,62
301,tye,11
302,tie,158
303,tyke,41
304,tyler,709
305,tympanic,2
306,tyne,2
307,type,3878
308,typhoid,25
309,typhon,29
310,typhoon,86
311,typhus,26
312,typical,780
313,typify,10
314,typing,165
315,typist,44
316,typo,46
317,tyr,188
318,tyrannical,15
319,tyranny,86
320,tyrannis,2
321,tyrannosaur,22
322,tyrant,125
323,tyre,260
324,tyrian,2
325,tyrolean,2
326,tyro,104
327,tzedakah,3
328,tzetze,3
329,u,2506
330,ubangi,5
331,ubc,8
332,ubi,3
333,ubiquitous,23
334,ubiquity,2
335,uc,13
336,udder,29
337,udo,32
338,ud,2
339,ufo,187
340,ufology,3
341,be,373345
342,uganda,4
343,ugh,738
344,ugly,2280
345,ugliness,63
346,uh,36579
347,uhuru,3
348,ui,3
349,uke,4
350,ukraine,33
351,ukrainian,35
352,ukulele,35
353,ulcer,208
354,ull,11
355,ulla,3
356,ulna,22
357,ulster,5
358,ulterior,46
359,ultimate,748
360,ultimatum,84
361,ultimo,2
362,ultra,247
363,ulyss,53
364,um,11197
365,umber,14
366,umbilical,62
367,umbilicus,5
368,umbo,2
369,umbrage,12
370,umbrella,433
371,umlaut,10
372,umm,334
373,ump,18
374,umped,2
375,umph,4
376,umpire,57
377,umpiring,2
378,umpteen,13
379,un,389
380,una,86
381,unabashed,8
382,unabated,9
383,unable,523
384,unabridged,2
385,unacceptable,271
386,unaccepting,2
387,unaccommodating,2
388,unaccompanied,14
389,unaccountable,3
390,unaccountably,4
391,unaccounted,50
392,unaccustomed,10
393,unachievable,2
394,unacknowledged,4
395,unacquainted,4
396,unadorned,6
397,unadulterated,20
398,unadventurous,2
399,unadvised,8
400,unaffected,22
401,unaffiliated,2
402,unaffordable,2
403,unafraid,26
404,unaided,4
405,unalienable,2
406,unalterable,5
407,unaltered,7
408,unambiguous,3
409,unambitious,3
410,unamusing,4
411,unanimity,2
412,unanimous,138
413,unannounced,67
414,unanswerable,5
415,unanswered,50
416,unanticipated,5
417,unapologetic,4
418,unappealing,16
419,unappetizing,3
420,unappreciated,24
421,unappreciative,7
422,unapproachable,15
423,unapproved,10
424,unapt,2
425,unarguably,2
426,unarmed,197
427,unartistic,3
428,unashamed,6
429,unasked,2
430,unassailable,4
431,unassailed,2
432,unassigned,5
433,unassist,11
434,unassuming,17
435,unattached,28
436,unattainable,25
437,unattended,51
438,unattractive,92
439,unauthorised,17
440,unauthorized,118
441,unavailability,2
442,unavailable,105
443,unavailing,3
444,unavenged,5
445,unavoidable,61
446,unavoidably,13
447,unaware,133
448,unbalance,41
449,unbathed,3
450,unbearable,129
451,unbearably,13
452,unbeatable,40
453,unbeaten,6
454,unbeautiful,2
455,unbecoming,32
456,unbeknownst,15
457,unbelievable,1500
458,unbelievably,112
459,unbelieve,9
460,unbelieving,5
461,unbend,5
462,unbiased,15
463,unbind,7
464,unbirthday,22
465,unbleached,2
466,unblemished,11
467,unbless,5
468,unblinking,3
469,unblock,11
470,unbolt,2
471,unborn,116
472,unbossed,2
473,unbottle,2
474,unbought,2
475,unbound,19
476,unbowed,5
477,unbreakable,35
478,unbridled,30
479,unbroken,20
480,unbuckle,30
481,unbuild,2
482,unburden,16
483,unburned,9
484,unbutton,65
485,unc,51
486,uncalled,39
487,uncannily,4
488,uncanny,76
489,uncaring,14
490,uncashed,2
491,uncatchable,4
492,uncaught,2
493,unceasing,13
494,uncensored,8
495,unceremonious,11
496,uncertain,196
497,unchain,15
498,unchallenged,12
499,unchangeable,7
500,unchanged,36
501,unchanging,8
502,unchaperoned,2
503,uncharacteristic,11
504,uncharitable,3
505,uncharted,60
506,unchartered,2
507,unchaste,2
508,uncheck,21
509,unchristian,7
510,uncircumcised,14
511,uncivil,43
512,unclaimed,19
513,unclasp,3
514,unclassified,3
515,uncle,6586
516,uncloge,3
517,unclouded,2
518,uncluttered,4
519,uncock,2
520,uncoded,2
521,uncoil,2
522,uncombed,4
523,uncomfortable,800
524,uncomfortably,9
525,uncommitted,6
526,uncommon,123
527,uncommunicative,5
528,uncompleted,4
529,uncomplicated,31
530,uncompromised,2
531,uncompromising,21
532,unconcerned,16
533,unconditional,67
534,unconfined,2
535,unconfirmed,32
536,unconnected,13
537,unconquerable,3
538,unconquered,4
539,unconscionable,18
540,unconscionably,2
541,unconscious,640
542,unconsecrated,2
543,unconsoled,2
544,unconstitutional,16
545,unconstrained,4
546,uncontaminated,3
547,uncontestable,2
548,uncontested,5
549,uncontrollable,56
550,uncontrollably,15
551,uncontrolled,15
552,uncontroversial,8
553,unconventional,46
554,unconvinced,8
555,unconvincing,5
556,uncooked,5
557,uncool,66
558,uncooperative,32
559,uncoordinated,7
560,uncork,17
561,uncorroborated,4
562,uncorrupted,3
563,uncounted,4
564,uncouple,11
565,uncouth,29
566,uncover,257
567,uncreative,2
568,uncredited,2
569,uncritical,2
570,uncross,10
571,uncrowned,3
572,unction,8
573,unctuous,2
574,uncuffed,3
575,uncultured,3
576,uncurl,4
577,uncut,40
578,undamaged,18
579,undatable,2
580,undaunted,14
581,undead,119
582,undecided,18
583,undeclared,13
584,undefeate,111
585,undefended,11
586,undefiled,2
587,undefinable,3
588,undefined,10
589,undemanding,6
590,undemocratic,3
591,undeniable,49
592,undeniably,13
593,undependable,7
594,under,47876
595,undeserved,7
596,undeserving,9
597,undesirable,46
598,undetectable,29
599,undetected,57
600,undetermined,22
601,undeterred,4
602,undeveloped,14
603,undiagnosed,7
604,undid,13
605,undy,48
606,undigested,9
607,undignified,30
608,undiluted,8
609,undiminished,3
610,undiplomatic,3
611,undirected,2
612,undischarged,2
613,undisciplined,20
614,undisclosed,11
615,undiscovered,31
616,undisputed,29
617,undistinguished,3
618,undistracted,2
619,undisturbed,36
620,undivided,47
621,undo,572
622,undramatic,2
623,undreamed,5
624,undress,286
625,undrinkable,4
626,undue,29
627,undulating,5
628,unduly,24
629,undying,46
630,unearth,61
631,unease,5
632,uneasiness,9
633,uneasy,106
634,uneaten,8
635,unedited,9
636,uneducated,24
637,unelected,2
638,unembarrassed,2
639,unemotional,13
640,unemploy,357
641,unencumbered,4
642,unending,25
643,unendurable,9
644,unenlightened,4
645,unenthusiastic,2
646,unequal,17
647,unequipped,2
648,unequivocal,25
649,unerring,2
650,unescorted,17
651,unessential,2
652,unethical,93
653,uneven,84
654,unevolved,4
655,unexamined,7
656,unexceptional,3
657,unexciting,2
658,unexcuse,5
659,unexpected,538
660,unexplainable,35
661,unexplainably,2
662,unexplained,79
663,unexploded,10
664,unexplored,23
665,unexposed,5
666,unexpressed,5
667,unexpurgated,2
668,unfailing,11
669,unfair,548
670,unfaithful,122
671,unfamiliar,78
672,unfashionable,8
673,unfashionably,2
674,unfasten,18
675,unfathomable,15
676,unfavorable,14
677,unfavourable,5
678,unfazed,3
679,unfed,4
680,unfeeling,33
681,unfeminine,2
682,unfertilised,2
683,unfertilized,2
684,unfettered,18
685,unfiltered,8
686,unfinished,179
687,unfired,2
688,unfit,84
689,unfix,5
690,unflagging,4
691,unflappable,7
692,unflattering,9
693,unflinching,9
694,unflushed,3
695,unfocused,12
696,unfold,132
697,unforeseeable,6
698,unforeseen,29
699,unforgettable,48
700,unforgivable,100
701,unforgivably,3
702,unforgiven,3
703,unforgiving,26
704,unformed,4
705,unfortunate,2275
706,unfounded,31
707,unfreeze,39
708,unfreezing,7
709,unfriendly,53
710,unfroze,12
711,unfulfilled,20
712,unfulfilling,7
713,unfunny,12
714,unfurl,17
715,unfurnished,4
716,ung,4
717,ungainly,3
718,ungallant,2
719,ungenerous,8
720,ungentlemanly,4
721,ungettable,3
722,unglamorous,2
723,unglued,25
724,ungodly,30
725,ungoverned,3
726,ungraceful,3
727,ungracious,8
728,ungraded,3
729,ungrateful,235
730,ungrip,2
731,ungrounded,4
732,unguarded,36
733,unguent,5
734,unguided,3
735,unhallowed,3
736,unhand,43
737,unhappy,847
738,unhappily,32
739,unhappiness,59
740,unharmed,77
741,unharness,2
742,unhealthy,83
743,unheard,76
744,unheeded,6
745,unhelpful,9
746,unhesitatingly,3
747,unhinged,12
748,unhip,3
749,unhitch,11
750,unhittable,2
751,unholy,68
752,unhook,59
753,unhorse,6
754,unhurt,5
755,unhygienic,3
756,unhypnotised,2
757,uni,20
758,unicorn,188
759,unicycle,11
760,unidentifiable,6
761,unidentified,187
762,unification,82
763,unified,59
764,unify,16
765,uniform,1708
766,unifying,9
767,unilateral,30
768,unimaginable,47
769,unimaginably,8
770,unimaginative,15
771,unimpaired,2
772,unimpeachable,7
773,unimpeded,4
774,unimportance,3
775,unimportant,125
776,unimpressed,16
777,unimpressive,12
778,uninformed,15
779,uninhabitable,16
780,uninhabited,24
781,uninhibited,12
782,uninjured,5
783,uninspected,2
784,uninspired,18
785,uninspiring,10
786,uninsurable,2
787,uninsured,16
788,unintelligent,11
789,unintelligible,25
790,unintelligibly,3
791,unintended,10
792,unintentional,41
793,uninterested,5
794,uninteresting,16
795,uninterrupted,27
796,uninvite,77
797,uninviting,2
798,uninvolved,11
799,union,1192
800,unique,751
801,unis,69
802,unit,5783
803,universal,326
804,universe,1312
805,university,1274
806,unix,17
807,unjam,3
808,unjust,95
809,unkempt,12
810,unkenneled,2
811,unkillable,3
812,unkind,83
813,unkissed,2
814,unknow,831
815,unladylike,8
816,unlatch,7
817,unlawful,48
818,unleaded,18
819,unlearn,4
820,unleash,167
821,unless,5798
822,unlicensed,20
823,unlighted,2
824,unlikable,9
825,unlike,796
826,unlimited,143
827,unlineal,2
828,unlisted,49
829,unlit,3
830,unlivable,3
831,unlived,4
832,unliving,3
833,unload,407
834,unlock,522
835,unloosen,4
836,unlovable,5
837,unloved,18
838,unlovely,2
839,unloving,2
840,unlubricated,3
841,unluckiest,7
842,unluckily,4
843,unlucky,210
844,unmade,13
845,unmake,5
846,unmanageable,9
847,unmanly,7
848,unmann,37
849,unmapped,3
850,unmarked,70
851,unmarried,104
852,unmask,32
853,unmatched,7
854,unmatching,2
855,unmaterialistic,2
856,unmedicated,3
857,unmended,2
858,unmentionable,20
859,unmentioned,2
860,unmerciful,8
861,unmilitary,9
862,unmistakable,45
863,unmistakably,4
864,unmitigated,25
865,unmodified,2
866,unmolested,2
867,unmotivated,8
868,unmount,4
869,unnamable,5
870,unnameable,2
871,unnamed,25
872,unnatural,146
873,unnecessarily,41
874,unnecessary,316
875,unneeded,3
876,unnerve,27
877,unnerving,18
878,unnoticed,62
879,unnumbered,5
880,unobserved,7
881,unobstructed,7
882,unobtainable,6
883,unobtrusive,21
884,unoccupied,17
885,unofficial,88
886,unopened,28
887,unopinionated,2
888,unopposed,11
889,unordained,2
890,unorganized,5
891,unoriginal,10
892,unorthodox,72
893,unpack,281
894,unpaid,51
895,unpainted,6
896,unpalatable,2
897,unparalleled,29
898,unpardonable,8
899,unpassable,7
900,unpatriotic,13
901,unpatrolled,2
902,unpaved,3
903,unpeel,4
904,unperson,3
905,unphotographable,3
906,unpick,5
907,unpin,3
908,unplanned,9
909,unpleasant,344
910,unplucked,2
911,unplug,96
912,unpolished,8
913,unpolluted,3
914,unpopular,68
915,unpopulated,3
916,unpractical,2
917,unprecedented,80
918,unpredictability,9
919,unpredictable,175
920,unpredictably,8
921,unprejudiced,3
922,unpremeditated,7
923,unprepared,80
924,unprepossessing,4
925,unpresentable,3
926,unpretentious,9
927,unpretty,2
928,unpriestly,2
929,unprincipled,16
930,unprintable,3
931,unproduced,5
932,unproductive,14
933,unprofessional,77
934,unprofitable,4
935,unpromising,3
936,unpronounceable,4
937,unprotected,63
938,unprovable,3
939,unproven,11
940,unprovoked,24
941,unpublished,12
942,unpunished,36
943,unpure,6
944,unqualified,27
945,unquenchable,12
946,unquestionable,2
947,unquestionably,14
948,unquestioned,13
949,unquestioning,6
950,unquiet,2
951,unquote,39
952,unranked,3
953,unravel,95
954,unreachable,22
955,unread,11
956,unreal,190
957,unreason,209
958,unrecognisable,2
959,unrecognised,2
960,unrecognizable,14
961,unrecognized,6
962,unreconstructed,2
963,unrecorded,4
964,unrecoverable,3
965,unredeemable,2
966,unrefined,12
967,unrefrigerated,2
968,unrefuted,2
969,unregistered,17
970,unregulated,6
971,unrehearsed,5
972,unrelated,54
973,unreleased,2
974,unrelenting,26
975,unreliable,85
976,unremarkable,21
977,unremitting,5
978,unrepentant,12
979,unrepented,3
980,unreported,9
981,unrepresented,2
982,unrequited,22
983,unreservedly,2
984,unresolved,42
985,unresponsive,35
986,unrest,70
987,unreturned,11
988,unrevealed,2
989,unrevenged,3
990,unrewarded,7
991,unrewarding,3
992,unrighteous,7
993,unring,3
994,unrinsed,2
995,unripe,2
996,unrivaled,5
997,unrivalled,5
998,unrol,19
999,unromantic,24
1000,unruffled,2
1001,unruly,36
1002,uns,53
1003,unsaddle,5
1004,unsafe,77
1005,unsaid,37
1006,unsalted,3
1007,unsanctified,4
1008,unsanctioned,2
1009,unsanitary,21
1010,unsatisfactory,18
1011,unsatisfied,28
1012,unsatisfying,15
1013,unsaved,2
1014,unsavory,39
1015,unsavoury,7
1016,unscannable,4
1017,unscathed,19
1018,unscented,3
1019,unscheduled,30
1020,unschooled,3
1021,unscientific,11
1022,unscramble,16
1023,unscrew,40
1024,unscripted,3
1025,unscrupulous,29
1026,unseal,10
1027,unseasonable,4
1028,unseasonably,5
1029,unseat,5
1030,unsecured,9
1031,unsee,137
1032,unselfish,52
1033,unsentimental,3
1034,unserious,3
1035,unsettle,40
1036,unsettling,41
1037,unsex,2
1038,unshackle,5
1039,unshakable,10
1040,unshakeable,2
1041,unshaved,2
1042,unshaven,6
1043,unsheathed,2
1044,unshelled,2
1045,unship,2
1046,unshod,2
1047,unshrink,2
1048,unsightly,19
1049,unsigned,20
1050,unsinkable,5
1051,unskilled,3
1052,unsmiling,6
1053,unsmoked,2
1054,unsnapped,2
1055,unsociable,6
1056,unsocial,4
1057,unsold,7
1058,unsolicited,22
1059,unsolvable,5
1060,unsolved,106
1061,unsophisticated,15
1062,unsound,23
1063,unspeakable,95
1064,unspeakably,10
1065,unspecific,2
1066,unspecified,13
1067,unspectacular,3
1068,unspoiled,19
1069,unspoilt,5
1070,unspoken,58
1071,unsponsored,2
1072,unsporting,2
1073,unsportsmanlike,6
1074,unstable,260
1075,unstably,2
1076,unstained,3
1077,unstated,3
1078,unsteady,17
1079,unsterilized,3
1080,unstick,3
1081,unstoppable,87
1082,unstrap,14
1083,unstructured,2
1084,unstrung,6
1085,unstuck,11
1086,unsubstantiated,16
1087,unsuccessful,54
1088,unsuitable,24
1089,unsuited,5
1090,unsullied,7
1091,unsung,13
1092,unsupervised,31
1093,unsupportable,2
1094,unsupported,13
1095,unsure,52
1096,unsurpassed,13
1097,unsuspected,8
1098,unsuspecting,53
1099,unsustainable,4
1100,unswerving,2
1101,unsympathetic,22
1102,untainted,5
1103,untalented,12
1104,untamable,4
1105,untamed,33
1106,untangle,18
1107,untangling,5
1108,untapped,16
1109,untarnished,4
1110,untaxed,2
1111,untenable,10
1112,untested,8
1113,unthinkable,69
1114,unthinking,2
1115,unthreatened,2
1116,untidy,21
1117,untie,264
1118,unty,57
1119,until,15441
1120,untimed,2
1121,untimely,44
1122,untire,6
1123,untitle,4
1124,unto,571
1125,untraceable,59
1126,untrainable,2
1127,untrained,22
1128,untrammeled,3
1129,untranslatable,3
1130,untreatable,7
1131,untreated,9
1132,untried,12
1133,untroubled,4
1134,untrue,74
1135,untrusting,6
1136,untrustworthy,21
1137,untruth,12
1138,untucked,3
1139,unturned,22
1140,untutored,5
1141,untwist,2
1142,untying,9
1143,unum,11
1144,ununderstanding,2
1145,unusable,14
1146,unused,32
1147,unusual,1305
1148,unutterably,3
1149,unuttered,2
1150,unvanquished,4
1151,unvarnished,6
1152,unveil,109
1153,unverify,4
1154,unwanted,70
1155,unwarranted,19
1156,unwary,4
1157,unwashed,18
1158,unwatchable,3
1159,unwavering,19
1160,unwed,29
1161,unwelcome,39
1162,unwell,24
1163,unwholesome,6
1164,unwieldy,6
1165,unwilling,73
1166,unwind,78
1167,unwinnable,11
1168,unwise,50
1169,unwish,2
1170,unwitting,35
1171,unworkable,7
1172,unworldly,2
1173,unworthiest,2
1174,unworthiness,3
1175,unworthy,97
1176,unwound,2
1177,unwrap,59
1178,unwrinkled,3
1179,unwritten,32
1180,unyielding,8
1181,unzip,68
1182,up,187300
1183,upbeat,56
1184,upbringing,61
1185,upchuck,35
1186,upcoming,88
1187,upcountry,7
1188,update,404
1189,updraft,8
1190,upend,3
1191,upfield,3
1192,upfront,46
1193,upgoing,3
1194,upgrade,207
1195,upheaval,22
1196,upheld,19
1197,uphill,48
1198,uphold,139
1199,upholster,68
1200,upkeep,26
1201,upland,7
1202,uplift,55
1203,uplink,90
1204,upload,111
1205,upmarket,2
1206,upon,3199
1207,uppe,753
1208,uppity,42
1209,upraise,2
1210,upright,159
1211,uprising,66
1212,upriver,48
1213,uproar,55
1214,uproot,41
1215,upsadaisy,3
1216,upscale,28
1217,upset,4094
1218,upshot,20
1219,upside,476
1220,upslope,4
1221,upstage,29
1222,upstaging,4
1223,upstair,3612
1224,upstanding,56
1225,upstart,24
1226,upstate,131
1227,upstream,51
1228,upsurge,2
1229,upswing,9
1230,upsy,4
1231,uptake,8
1232,uptempo,3
1233,uptick,2
1234,uptight,206
1235,uptown,246
1236,upturned,8
1237,upward,138
1238,upway,2
1239,upwelling,2
1240,upwind,18
1241,upwith,6
1242,you,2463462
1243,ural,7
1244,uranium,109
1245,uranus,35
1246,urban,260
1247,urchin,33
1248,urd,21
1249,urdu,3
1250,urea,2
1251,uremia,3
1252,ureter,9
1253,urethane,5
1254,urethra,14
1255,urge,1438
1256,uric,5
1257,uriel,10
1258,urinal,62
1259,urinary,20
1260,urinate,70
1261,urinating,35
1262,urination,28
1263,urine,332
1264,urn,106
1265,urological,2
1266,urologist,19
1267,urology,12
1268,frosepsis,2
1269,ursa,13
1270,urticaria,3
1271,uruguay,16
1272,we,546089
1273,usa,203
1274,usable,27
1275,usage,26
1276,usar,4
1277,use,39385
1278,useable,2
1279,useful,700
1280,useless,1029
1281,user,142
1282,usher,150
1283,ussr,16
1284,ust,189
1285,usual,5115
1286,usurer,4
1287,usurp,29
1288,usury,5
1289,ut,35
1290,uta,11
1291,utah,250
1292,ute,6
1293,utensil,45
1294,uterine,18
1295,utero,9
1296,uterus,92
1297,uther,54
1298,uti,3
1299,utilise,8
1300,utilitarian,10
1301,utility,152
1302,utilization,9
1303,utilize,81
1304,utmost,118
1305,utopia,74
1306,utrecht,5
1307,utter,580
1308,uva,6
1309,uvres,2
1310,uvula,9
1311,uzbek,4
1312,v,1394
1313,va,106
1314,vac,20
1315,vacancy,83
1316,vacant,135
1317,vacate,76
1318,vacation,1797
1319,vaccinate,31
1320,vaccination,47
1321,vaccine,121
1322,vache,2
1323,vacillate,2
1324,vacillating,2
1325,vacuous,16
1326,vacuum,368
1327,vadis,2
1328,vag,6
1329,vagabond,33
1330,vagal,4
1331,vagary,5
1332,vagina,349
1333,vaginitis,3
1334,vagrancy,27
1335,vagrant,42
1336,vague,380
1337,vagus,4
1338,vail,81
1339,vain,344
1340,val,452
1341,valance,49
1342,vale,1284
1343,valhalla,25
1344,valiant,144
1345,valid,295
1346,valise,38
1347,valium,139
1348,valkyrie,7
1349,valkyry,11
1350,vallecula,2
1351,valley,1327
1352,valois,14
1353,valor,67
1354,valour,15
1355,valse,2
1356,valuable,858
1357,valuation,4
1358,value,1626
1359,valve,321
1360,vamoose,34
1361,vamoosing,4
1362,vamos,62
1363,vamp,1441
1364,van,2694
1365,vancomycin,3
1366,aancouver,90
1367,vandal,181
1368,vandyke,2
1369,vane,375
1370,vang,28
1371,vanilla,203
1372,vanir,5
1373,vanish,540
1374,vanity,221
1375,vanquish,414
1376,vantage,39
1377,vapid,14
1378,vapor,120
1379,vapour,20
1380,vaquero,13
1381,var,7
1382,variability,2
1383,variable,91
1384,variance,23
1385,variant,11
1386,variation,112
1387,varice,12
1388,varicose,14
1389,vary,151
1390,variegated,2
1391,variegation,2
1392,varietal,3
1393,variety,327
1394,variola,3
1395,various,459
1396,varlet,15
1397,varmint,61
1398,varna,26
1399,varnish,26
1400,varsity,89
1401,varyingly,4
1402,vas,45
1403,vascular,86
1404,vasculitis,3
1405,vase,319
1406,vasoconstrictor,3
1407,vasodilator,2
1408,vasovagal,5
1409,vassal,40
1410,vassar,39
1411,vast,351
1412,vat,83
1413,vatican,140
1414,vau,2
1415,vaudeville,58
1416,vaudevillian,7
1417,vault,679
1418,vaunted,6
1419,vaus,2
1420,vc,79
1421,vd,17
1422,veal,185
1423,veau,11
1424,vector,121
1425,veda,71
1426,vee,12
1427,veer,92
1428,veg,23
1429,vega,2209
1430,vegetable,629
1431,vegetarian,242
1432,vegetate,2
1433,vegetation,41
1434,vegetative,26
1435,veggie,34
1436,veggy,25
1437,vehement,18
1438,vehicle,1459
1439,vehicular,17
1440,vei,2
1441,veil,197
1442,vein,467
1443,vel,26
1444,velcro,43
1445,veldt,3
1446,vell,7
1447,velocipede,2
1448,velocity,145
1449,velour,22
1450,veloute,3
1451,velvet,334
1452,vena,30
1453,vendetta,73
1454,vending,110
1455,vendor,96
1456,veneer,52
1457,venerable,14
1458,venerate,8
1459,veneration,2
1460,venereal,26
1461,venetian,41
1462,venezuela,79
1463,vengeance,276
1464,vengeful,51
1465,venging,2
1466,venice,332
1467,venison,31
1468,venner,18
1469,venom,151
1470,venous,16
1471,vent,1029
1472,venue,84
1473,venus,252
1474,ver,30
1475,vera,347
1476,verb,339
1477,verdant,8
1478,verde,60
1479,verdi,605
1480,verdugo,9
1481,verdun,6
1482,verge,196
1483,verifiable,6
1484,verification,46
1485,verify,385
1486,verily,29
1487,verisimilitude,8
1488,veritable,50
1489,veritas,12
1490,verity,3
1491,vermeil,15
1492,vermicellu,5
1493,vermilion,9
1494,vermillion,3
1495,vermin,121
1496,vermont,223
1497,vermouth,50
1498,vernacular,25
1499,vernon,183
1500,veronal,4
1501,veronica,587
1502,verruca,2
1503,versa,206
1504,verse,350
1505,version,890
1506,versus,617
1507,vert,346
1508,verus,2
1509,verve,12
1510,very,63304
1511,vesicle,5
1512,vesper,21
1513,vessel,631
1514,vest,554
1515,vesuvius,19
1516,vet,343
1517,veta,51
1518,veteran,286
1519,veterinarian,72
1520,veterinary,35
1521,veto,63
1522,vetting,3
1523,veuve,4
1524,vex,15
1525,vexation,3
1526,vexatious,2
1527,vexed,24
1528,vexer,3
1529,vexing,13
1530,vi,113
1531,via,180
1532,viability,9
1533,viable,121
1534,viaduct,13
1535,vial,132
1536,viatical,10
1537,vibe,321
1538,vibrant,52
1539,vibrate,139
1540,vibration,183
1541,vibrato,85
1542,vic,998
1543,vicar,124
1544,vice,1003
1545,vichy,47
1546,vicinity,153
1547,vicious,472
1548,vicissitude,6
1549,vicomte,12
1550,victim,3716
1551,victor,2591
1552,victrola,16
1553,victual,6
1554,victus,2
1555,vicuna,3
1556,vide,2711
1557,vie,128
1558,vienna,247
1559,viennese,28
1560,vier,3
1561,vietcong,59
1562,vietminh,5
1563,vietnam,1081
1564,view,2623
1565,vigil,226
1566,vigneron,6
1567,vignette,2
1568,vigor,79
1569,vigour,10
1570,viking,200
1571,vil,43
1572,vila,58
1573,vild,2
1574,vile,237
1575,vilify,15
1576,vill,2603
1577,vim,7
1578,vin,156
1579,vina,16
1580,vincent,946
1581,vinci,93
1582,vindaloo,8
1583,vindicate,27
1584,vindication,22
1585,vindictive,60
1586,vine,456
1587,vingt,6
1588,vining,5
1589,vinny,98
1590,vino,39
1591,vintage,149
1592,vinyl,65
1593,viol,4083
1594,vip,61
1595,viper,170
1596,viral,45
1597,vire,8
1598,virge,55
1599,virgil,345
1600,virgin,2086
1601,virgo,25
1602,viridian,2
1603,virile,33
1604,virility,27
1605,virology,2
1606,virtual,342
1607,virtue,344
1608,virtuosity,9
1609,virtuoso,24
1610,virtuous,88
1611,virulent,11
1612,virus,1023
1613,vis,2
1614,visa,258
1615,viscera,15
1616,viscose,2
1617,viscosity,7
1618,viscount,7
1619,viscous,13
1620,viscus,2
1621,vise,20
1622,vishnu,7
1623,visibility,61
1624,visible,253
1625,visibly,8
1626,visigoth,3
1627,vision,1721
1628,visit,5423
1629,vison,2
1630,visor,39
1631,vista,153
1632,visto,7
1633,visual,803
1634,vita,982
1635,vite,17
1636,vitiate,2
1637,vitreous,9
1638,vitrification,2
1639,vitriol,12
1640,vitro,34
1641,vitruvian,2
1642,vitry,4
1643,vittle,29
1644,viva,187
1645,vive,38
1646,vivian,301
1647,vivid,132
1648,vivisection,18
1649,vivo,8
1650,vivre,12
1651,vixen,55
1652,vizier,13
1653,vizir,2
1654,vl,22
1655,vo,30
1656,voc,48
1657,vocab,125
1658,vocal,234
1659,vocation,57
1660,voce,7
1661,vodka,520
1662,vogue,119
1663,voice,5283
1664,void,219
1665,voila,129
1666,voile,2
1667,voiture,3
1668,vol,8
1669,volant,14
1670,volatile,59
1671,volatility,4
1672,volcanic,57
1673,volcano,219
1674,vole,89
1675,volga,15
1676,volition,15
1677,volkswagen,44
1678,volley,93
1679,volt,201
1680,voluble,3
1681,volume,410
1682,voluminous,2
1683,voluntarily,100
1684,voluntary,103
1685,volunteer,1081
1686,voluptuous,38
1687,volution,7
1688,volvulus,6
1689,vomit,505
1690,von,554
1691,voodoo,245
1692,voracious,17
1693,vorpal,2
1694,vortex,76
1695,vortice,9
1696,vote,2652
1697,voting,241
1698,votive,11
1699,vouch,241
1700,vow,695
1701,vowel,64
1702,vox,13
1703,voyage,383
1704,voyaging,2
1705,voyeur,42
1706,vp,65
1707,vr,22
1708,vroom,42
1709,vulcan,162
1710,vulgar,198
1711,vulgate,4
1712,vulnerability,44
1713,vulnerable,437
1714,vulture,205
1715,vulva,6
1716,with,258564
1717,wa,123
1718,wabe,2
1719,wac,14
1720,wack,449
1721,wad,102
1722,waddy,2
1723,wadding,6
1724,waddle,33
1725,wade,871
1726,wadi,37
1727,wafer,31
1728,waffle,247
1729,waft,29
1730,wag,69
1731,wage,637
1732,waggle,29
1733,waggly,2
1734,waggoner,10
1735,wagner,154
1736,wagon,1092
1737,wah,221
1738,wahine,12
1739,wahoo,12
1740,waif,20
1741,wail,277
1742,wain,45
1743,waist,323
1744,wait,56363
1745,waive,205
1746,waka,27
1747,wake,7652
1748,waldorf,50
1749,wale,106
1750,wali,48
1751,walk,19542
1752,wall,6518
1753,aallops,5
1754,wallow,129
1755,wally,722
1756,walnut,164
1757,walrus,57
1758,walsh,251
1759,walt,3247
1760,wampum,19
1761,want,183388
1762,wand,1152
1763,wane,48
1764,wang,386
1765,wank,172
1766,wanna,25879
1767,wanty,2
1768,wap,14
1769,war,9377
1770,warbird,2
1771,warble,14
1772,warbling,5
1773,ward,1752
1774,ware,675
1775,warfare,150
1776,warfarin,4
1777,warhead,247
1778,warhorse,17
1779,wariness,2
1780,waring,16
1781,warlike,14
1782,warlock,272
1783,warlord,62
1784,warm,3529
1785,warn,4122
1786,warp,422
1787,warr,2933
1788,warsaw,99
1789,warship,81
1790,wart,196
1791,wary,38
1792,wasabi,15
1793,wash,3054
1794,aashin,6
1795,washing,2604
1796,washout,41
1797,washroom,90
1798,aashstand,2
1799,washtub,9
1800,washy,2
1801,wasn,21994
1802,wasp,114
1803,wassail,2
1804,wast,4896
1805,wat,35
1806,watch,24052
1807,water,12631
1808,aaterman,26
1809,watermark,19
1810,watermelon,131
1811,watershed,6
1812,waterskiing,4
1813,waterskin,2
1814,waterspout,5
1815,watertight,19
1816,waterway,17
1817,waterwork,23
1818,watery,36
1819,watson,1066
1820,watt,218
1821,waugh,2
1822,wave,2235
1823,wavy,28
1824,waw,3
1825,wawa,9
1826,wax,547
1827,waxen,6
1828,waxing,51
1829,waxman,16
1830,waxwork,7
1831,waxy,20
1832,way,75294
1833,waybill,2
1834,wayfarer,10
1835,waylay,19
1836,wayne,1060
1837,wayside,13
1838,wayward,38
1839,wazir,3
1840,wazoo,33
1841,wb,13
1842,wc,14
1843,weak,2625
1844,weal,742
1845,wean,31
1846,weapon,4501
1847,wear,12498
1848,weasel,316
1849,weather,1935
1850,weave,620
1851,weaving,43
1852,web,515
1853,webber,93
1854,webbing,4
1855,webby,9
1856,webcam,11
1857,webcast,5
1858,weber,38
1859,webmaster,2
1860,webpage,4
1861,website,249
1862,webster,324
1863,wed,348
1864,wedding,5401
1865,wedge,136
1866,wedgie,44
1867,wedgy,18
1868,wedgwood,7
1869,wedlock,54
1870,wednesday,1000
1871,wee,436
1872,weeble,8
1873,weed,763
1874,week,22595
1875,weendigo,7
1876,weenie,144
1877,weeny,33
1878,weensy,5
1879,weep,502
1880,weet,28
1881,weevil,42
1882,weft,2
1883,weigh,2867
1884,weimaraner,4
1885,weiner,11
1886,weir,5707
1887,welch,74
1888,welcome,9298
1889,welcoming,133
1890,weld,125
1891,welfare,402
1892,weli,1993
1893,welk,20
1894,well,153277
1895,welsbach,6
1896,welsh,93
1897,welt,40
1898,wen,183
1899,wench,110
1900,wend,29
1901,wenny,2
1902,go,20987
1903,wer,6
1904,weran,6237
1905,weren,2
1906,werewolf,227
1907,werewolve,77
1908,wert,8
1909,weskit,5
1910,wesley,576
1911,wessel,6
1912,west,3992
1913,wet,2046
1914,wetback,29
1915,whether,7
1916,wetland,47
1917,wetness,6
1918,wetsuit,3
1919,wetter,3
1920,wetting,42
1921,weve,16
1922,wey,8
1923,weymouth,24
1924,wf,3
1925,wh,147
1926,wha,499
1927,whack,771
1928,whale,909
1929,whaling,45
1930,wham,145
1931,whan,10
1932,whap,7
1933,whar,69
1934,what,515293
1935,wheat,327
1936,whee,2946
1937,whelk,2
1938,whelmed,2
1939,whelp,24
1940,when,105584
1941,where,95509
1942,wherry,4
1943,whet,3448
1944,whew,320
1945,whey,4
1946,which,24502
1947,whiff,148
1948,whig,8
1949,while,17825
1950,whilliker,2
1951,whilst,77
1952,whim,469
1953,whine,399
1954,whingeing,3
1955,whinging,3
1956,whinny,90
1957,whiny,52
1958,whip,1449
1959,whir,392
1960,whish,7
1961,whisk,1222
1962,whisper,1220
1963,whist,1380
1964,whit,10262
1965,whiz,255
1966,who,113370
1967,whoa,8023
1968,whod,12
1969,whoever,2203
1970,whole,19875
1971,wholly,69
1972,whom,1871
1973,whoo,2502
1974,whop,112
1975,whor,1504
1976,whose,3190
1977,whosis,3
1978,whosoever,34
1979,whup,108
1980,why,114703
1981,wi,30
1982,wibble,7
1983,wicca,25
1984,wich,131
1985,wick,963
1986,widdershin,2
1987,widdle,11
1988,widdy,3
1989,wide,1547
1990,widgeon,26
1991,widget,13
1992,widow,823
1993,width,35
1994,wiedersehen,64
1995,wield,76
1996,wiener,124
1997,wienie,21
1998,wieny,5
1999,weird,6
2000,wife,18592
2001,wig,539
2002,wigan,4
2003,wigdom,2
2004,wiggle,224
2005,wiggly,32
2006,wiggy,31
2007,wight,12
2008,wigwam,20
2009,wiki,67
2010,wilco,33
2011,wild,3887
2012,wile,73
2013,wilful,19
2014,wiling,3
2015,wilk,10
2016,will,116051
2017,wilson,1187
2018,wilt,92
2019,wily,32
2020,wimp,273
2021,win,47776
2022,wince,24
2023,winch,406
2024,wind,9879
2025,wine,3197
2026,wing,2249
2027,wink,305
2028,winless,2
2029,winner,1915
2030,winninge,2
2031,winningly,3
2032,winnings,90
2033,winnipeg,12
2034,wino,64
2035,winslow,58
2036,winsome,6
2037,wint,1526
2038,wipe,1511
2039,wir,11
2040,wire,2331
2041,wiring,118
2042,wiry,18
2043,wis,3
2044,wisconsin,230
2045,wisdom,569
2046,wise,1687
2047,fisecrack,14
2048,wiseguy,23
2049,wisely,81
2050,wish,13772
2051,wising,2
2052,wisp,32
2053,wisteria,87
2054,wistful,14
2055,wit,448
2056,witch,2113
2057,wite,5
2058,withal,15
2059,witham,4
2060,withdraw,734
2061,wither,155
2062,withheld,52
2063,withhold,151
2064,within,3017
2065,without,18087
2066,withstand,100
2067,withstake,11
2068,witless,24
2069,witness,3978
2070,witten,4
2071,witter,152
2072,witticism,10
2073,wittier,2
2074,witty,168
2075,wive,6
2076,wiz,29
2077,wizard,617
2078,wizened,2
2079,wk,3
2080,wl,46
2081,woa,6
2082,woad,9
2083,wobble,41
2084,wobbly,39
2085,wobbling,11
2086,woeful,17
2087,woe,27
2088,wog,4
2089,wok,40
2090,wolf,1649
2091,wolly,6
2092,wolverine,44
2093,woman,32246
2094,womb,203
2095,womenfolk,12
2096,womp,9
2097,wonder,18835
2098,wondrous,83
2099,wong,542
2100,wonk,16
2101,wont,96
2102,woo,395
2103,wood,4313
2104,woof,163
2105,woohoo,14
2106,wool,320
2107,woop,3
2108,wou,5
2109,wooster,16
2110,woozle,2
2111,woozy,43
2112,wop,95
2113,worcester,37
2114,word,18293
2115,work,66764
2116,world,23915
2117,worm,1029
2118,worried,4831
2119,worrier,15
2120,worry,16006
2121,worrisome,12
2122,worrywart,5
2123,bad,7876
2124,worse,59
2125,worship,681
2126,worst,7
2127,wort,6882
2128,wot,2
2129,would,90162
2130,1ouldn,23628
2131,wouldnt,5
2132,wouldst,30
2133,wound,3080
2134,wove,44
2135,wow,8173
2136,wowser,8
2137,wpm,6
2138,wr,6
2139,wrack,27
2140,wraith,20
2141,wrangle,44
2142,wrangling,8
2143,wrap,1899
2144,wrath,204
2145,wray,8
2146,wreak,51
2147,wreath,71
2148,wreck,1271
2149,wren,262
2150,wrest,806
2151,wretch,287
2152,wriggle,25
2153,wriggling,12
2154,wriggly,4
2155,wright,213
2156,wrigley,19
2157,wring,147
2158,wrinkle,285
2159,wrinkling,7
2160,wrinkly,17
2161,wrist,822
2162,writ,13664
2163,wro,2
2164,wrong,26969
2165,write,3629
2166,wroth,8
2167,wie,14
2168,wry,10
2169,wryly,2
2170,ws,3
2171,wt,5
2172,funderbar,20
2173,wunderkind,4
2174,wurst,4
2175,wuss,126
2176,wuthering,23
2177,wuzzy,22
2178,wyke,12
2179,wyle,5
2180,wynn,106
2181,wyoming,110
2182,wyvern,2
2183,x,1051
2184,xanthosis,9
2185,xenia,21
2186,xenogenesis,2
2187,xenon,34
2188,xenophobia,3
2189,xenophobic,3
2190,xerox,65
2191,xi,112
2192,xma,13
2193,xs,5
2194,xu,15
2195,xx,5
2196,xxx,31
2197,xylem,3
2198,xylophone,9
2199,xylophonist,2
2200,xyz,7
2201,y,4345
2202,ya,7664
2203,yaba,4
2204,yabu,10
2205,yacht,466
2206,yack,9
2207,yah,352
2208,yahoo,161
2209,yahweh,7
2210,yaje,4
2211,yak,78
2212,yakima,6
2213,yakitori,2
2214,yakk,40
2215,yale,734
2216,yam,87
2217,yamen,7
2218,yammer,43
2219,yamp,4
2220,yan,179
2221,yang,272
2222,yank,1230
2223,yap,139
2224,yappe,6
2225,yappy,5
2226,yar,16
2227,yarborough,5
2228,yard,2086
2229,yare,10
2230,yark,3
2231,yarmouth,10
2232,yarmulka,3
2233,yarmulke,23
2234,yarn,90
2235,yashiro,12
2236,yat,25
2237,yate,2
2238,yatter,4
2239,yaw,14
2240,yawl,14
2241,yawn,134
2242,yawp,13
2243,yay,346
2244,yaya,9
2245,yd,11
2246,year,43369
2247,ye,641
2248,yea,360
2249,yeah,152264
2250,yean,17
2251,yearbook,259
2252,yearling,22
2253,yearlong,2
2254,yearly,45
2255,yeast,47
2256,yecch,8
2257,yech,14
2258,yee,53
2259,yegg,8
2260,yeh,27
2261,yell,4372
2262,yelp,60
2263,yemen,18
2264,yen,315
2265,yenta,11
2266,yente,3
2267,yeo,24
2268,yeoman,9
2269,yeomen,2
2270,yep,2600
2271,yer,36
2272,yerba,2
2273,yes,101835
2274,yese,2
2275,yeshiva,17
2276,yest,4971
2277,yet,17428
2278,yeth,3
2279,yeti,14
2280,yetzer,3
2281,yew,2
2282,yggdrasil,70
2283,yi,147
2284,yid,8
2285,yiddish,37
2286,yield,278
2287,yike,118
2288,yin,168
2289,yip,73
2290,jipe,2
2291,yipe,7
2292,yippee,72
2293,yippie,10
2294,yipping,6
2295,ymca,44
2296,yn,10
2297,yo,4177
2298,yob,3
2299,yod,30
2300,yodel,77
2301,yoga,227
2302,yoghurt,18
2303,yogi,46
2304,yogurt,121
2305,yohimbe,6
2306,yohimbine,4
2307,yoi,4
2308,yoke,72
2309,yokohama,27
2310,yolk,29
2311,yom,19
2312,yomer,2
2313,yon,40
2314,yond,181
2315,yoni,5
2316,yonkers,48
2317,yor,4
2318,yore,13
2319,york,7291
2320,yoruba,5
2321,yosemite,22
2322,youd,6
2323,young,14118
2324,your,34178
2325,yous,154
2326,youth,973
2327,youve,8
2328,yow,26
2329,yowie,26
2330,yowl,8
2331,yoy,5
2332,yoyo,14
2333,ys,3
2334,yt,18
2335,yuan,111
2336,yuca,6
2337,yucca,17
2338,yucch,3
2339,yuck,216
2340,yugoslav,61
2341,yuh,8
2342,yuk,24
2343,yukon,23
2344,yule,49
2345,yum,207
2346,yummy,234
2347,yup,594
2348,yuppie,45
2349,yuppy,23
2350,yurt,2
2351,yus,2
2352,ywca,10
2353,z,598
2354,za,16
2355,zabaglione,3
2356,zac,16
2357,zachariah,13
2358,zack,1056
2359,zaftig,2
2360,zag,14
2361,zaire,14
2362,zak,76
2363,zambezi,3
2364,zambia,8
2365,zander,25
2366,zant,18
2367,zany,10
2368,zanzibar,23
2369,zap,169
2370,zapper,5
2371,zapping,10
2372,zar,2
2373,zat,11
2374,zax,5
2375,zeal,190
2376,zebedee,2
2377,zebra,154
2378,zechariah,11
2379,zed,52
2380,gee,58
2381,zeitgeist,6
2382,zen,130
2383,zenith,22
2384,zep,5
2385,zephyr,50
2386,zeppelin,67
2387,zero,1210
2388,zest,43
2389,zeta,21
2390,zeus,311
2391,zig,27
2392,zigging,4
2393,ziggurat,19
2394,zigzag,29
2395,zilch,45
2396,zillion,76
2397,zimbabwe,18
2398,zimmy,3
2399,zinc,43
2400,zine,9
2401,zinfandel,3
2402,zing,76
2403,zink,2
2404,zinnia,12
2405,zion,76
2406,zip,428
2407,zipped,27
2408,zipper,172
2409,zippy,19
2410,zira,85
2411,zircon,20
2412,zit,75
2413,zither,7
2414,ziti,13
2415,zloty,5
2416,zn,2
2417,zo,9
2418,zod,38
2419,zodiac,33
2420,zombie,184
2421,zomby,115
2422,zona,3
2423,zone,1134
2424,zoning,61
2425,zonk,13
2426,zoo,735
2427,zoological,8
2428,zoologist,15
2429,zoology,17
2430,zoom,225
2431,zoon,6
2432,zopilote,6
2433,zorro,136
2434,zound,5
2435,zowie,18
2436,zs,10
2437,zucchini,51
2438,zulu,55
2439,zuni,2
2440,zurich,124
2441,zwieback,2
2442,zydeco,14
2443,zygoma,7
2444,zygote,7
